# Trained_Coeffs, Unscaled, Sparsity_Mask
1.991341263055801392e-01,1.659451052546501160e-01,0.000000000000000000e+00
5.189906358718872070e-01,6.227887630462646262e-01,1.000000000000000000e+00
5.994622111320495605e-01,1.665172808700137730e-01,3.000000000000000000e+00
1.499081373214721680e+00,4.996937910715739672e-01,4.000000000000000000e+00
5.180160403251647949e-01,2.072064161300659069e-01,5.000000000000000000e+00
