# Expected, Recovered
1.995000000000000000e+03,2.225314723361620054e+03
1.999000000000000227e+03,2.211250198075830667e+03
1.000000000000000021e-03,9.641040395820767899e-04
