# Trained_Coeffs, Sparsity_Mask
1.791717708110809326e-01,0.000000000000000000e+00
4.626443982124328613e-01,1.000000000000000000e+00
1.295156717300415039e+00,2.000000000000000000e+00
