# Trained_Coeffs, Unscaled, Sparsity_Mask
3.709314018487930298e-02,3.091095015406608582e-02,0.000000000000000000e+00
2.860749959945678711e-01,3.432899951934814120e-01,1.000000000000000000e+00
2.919102087616920471e-03,4.203507006168365721e-03,2.000000000000000000e+00
2.349509745836257935e-01,6.526415960656273274e-02,3.000000000000000000e+00
1.202645301818847656e+00,4.008817672729492743e-01,4.000000000000000000e+00
3.361371457576751709e-01,1.344548583030700795e-01,5.000000000000000000e+00
9.933222830295562744e-02,4.767946958541869479e-02,6.000000000000000000e+00
