# Trained_Coeffs, Scaled_Trained_Coeffs, Sparsity_Mask
2.001068592071533203e+00,9.994806647300720215e-01,4.000000000000000000e+00
