# Trained_Coeffs, Unscaled, Sparsity_Mask
1.169982671737670898e+00,9.749855597813924524e-01,0.000000000000000000e+00
1.724214702844619751e-01,2.069057643413543535e-01,1.000000000000000000e+00
1.791708916425704956e-01,2.580060839653015026e-01,2.000000000000000000e+00
2.957313060760498047e+00,8.214758502112495808e-01,3.000000000000000000e+00
9.456756711006164551e-01,3.152252237002055035e-01,4.000000000000000000e+00
