# Trained_Coeffs, Unscaled, Sparsity_Mask
1.845484226942062378e-01,9.662932816128370073e-01,0.000000000000000000e+00
7.285340428352355957e-01,2.543063552068053013e+03,3.000000000000000000e+00
1.116551280021667480e+00,7.443675200144449491e+02,4.000000000000000000e+00
