# Trained_Coeffs, Unscaled, Sparsity_Mask
6.650749593973159790e-02,4.178789213058275442e-01,0.000000000000000000e+00
9.502150118350982666e-02,7.404429832874826616e+02,3.000000000000000000e+00
5.558792948722839355e-01,6.893985478176634842e+02,4.000000000000000000e+00
1.284951157867908478e-02,4.036609608642435232e-01,6.000000000000000000e+00
