# Trained_Coeffs, Unscaled, Sparsity_Mask
9.734509885311126709e-02,5.096977456998442735e-01,0.000000000000000000e+00
5.120011568069458008e-01,9.778501796951283298e-02,1.000000000000000000e+00
5.828818678855895996e-01,2.034641548955627059e+03,3.000000000000000000e+00
1.477700710296630859e+00,9.851338068644205350e+02,4.000000000000000000e+00
5.887771844863891602e-01,7.496543943259008813e+01,5.000000000000000000e+00
7.486672699451446533e-02,1.820540494682871824e+00,6.000000000000000000e+00
