# Trained_Coeffs, Sparsity_Mask
9.725293517112731934e-02,0.000000000000000000e+00
2.764433920383453369e-01,3.000000000000000000e+00
1.026394248008728027e+00,4.000000000000000000e+00
