# Trained_Coeffs, Unscaled, Sparsity_Mask
1.589628756046295166e-01,9.987932043860244802e-01,0.000000000000000000e+00
5.500594973564147949e-01,8.754468799891675090e-02,1.000000000000000000e+00
3.526372089982032776e-02,8.932404853007101060e-04,2.000000000000000000e+00
1.714395433664321899e-01,1.996609805665173326e+03,3.000000000000000000e+00
5.349551439285278320e-01,9.915615961894068278e+02,4.000000000000000000e+00
2.052754163742065430e-01,6.055630997639065072e+01,5.000000000000000000e+00
1.253838744014501572e-02,5.886867742932665459e-01,6.000000000000000000e+00
