# Trained_Coeffs, Scaled_Trained_Coeffs, Sparsity_Mask
1.920395791530609131e-01,2.694821357727050781e-01,0.000000000000000000e+00
9.162844507955014706e-04,8.267852244898676872e-04,2.000000000000000000e+00
3.829148411750793457e-01,4.783872067928314209e-01,3.000000000000000000e+00
9.989075660705566406e-01,1.060861349105834961e+00,4.000000000000000000e+00
