# Trained_Coeffs, Scaled_Trained_Coeffs
1.917201578617095947e-01,2.690338790416717529e-01
2.034552308032289147e-04,1.778293371899053454e-04
5.545211210846900940e-02,5.003575608134269714e-02
3.783736824989318848e-01,4.749566614627838135e-01
9.924665689468383789e-01,1.052983164787292480e+00
5.431492347270250320e-03,4.453923553228378296e-03
5.183209478855133057e-02,4.530655220150947571e-02
