# Expected, Recovered
1.995000000000000000e+03,1.846993921019810159e+03
1.999000000000000227e+03,8.972045983942114162e+02
1.000000000000000021e-03,7.585469909279070290e-04
