# Trained_Coeffs, Sparsity_Mask
2.806256711483001709e-01,0.000000000000000000e+00
4.482020139694213867e-01,1.000000000000000000e+00
1.074970006942749023e+00,2.000000000000000000e+00
