# Trained_Coeffs, Unscaled, Sparsity_Mask
1.993231326341629028e-01,1.661026105284690857e-01,0.000000000000000000e+00
5.249470472335815430e-01,6.299364566802978516e-01,1.000000000000000000e+00
5.963171124458312988e-01,1.656436423460642682e-01,3.000000000000000000e+00
1.501664161682128906e+00,5.005547205607097094e-01,4.000000000000000000e+00
5.241521596908569336e-01,2.096608638763427790e-01,5.000000000000000000e+00
