# Trained_Coeffs, Unscaled, Sparsity_Mask
1.992405056953430176e-01,1.660337547461191998e-01,0.000000000000000000e+00
5.185394287109375000e-01,6.222473144531249778e-01,1.000000000000000000e+00
5.995023250579833984e-01,1.665284236272176199e-01,3.000000000000000000e+00
1.498848199844360352e+00,4.996160666147868579e-01,4.000000000000000000e+00
5.175397992134094238e-01,2.070159196853637584e-01,5.000000000000000000e+00
