# Trained_Coeffs, Unscaled, Sparsity_Mask
1.014299690723419189e-01,8.452497422695159912e-02,0.000000000000000000e+00
8.770632147789001465e-01,1.052475857734680220e+00,1.000000000000000000e+00
8.017382025718688965e-02,1.154503011703491289e-01,2.000000000000000000e+00
2.641298294067382812e+00,8.804327646891277892e-01,4.000000000000000000e+00
1.192775487899780273e+00,4.771101951599120983e-01,5.000000000000000000e+00
