# Trained_Coeffs, Unscaled, Sparsity_Mask
1.994593292474746704e-01,1.662161077062289105e-01,0.000000000000000000e+00
5.186109542846679688e-01,6.223331451416015403e-01,1.000000000000000000e+00
6.001498699188232422e-01,1.667082971996731444e-01,3.000000000000000000e+00
1.499009966850280762e+00,4.996699889500936798e-01,4.000000000000000000e+00
5.180467367172241211e-01,2.072186946868896373e-01,5.000000000000000000e+00
