# Expected, Recovered
5.000000000000000104e-04,5.689451407889181299e-04
5.000000000000000104e-04,5.464298403534894547e-04
5.000000000000000104e-04,5.083084545450496702e-04
2.200000000000000078e-04,3.482401775514644432e-05
3.300000000000000253e-05,2.042455647182235252e-04
