# Trained_Coeffs, Unscaled, Sparsity_Mask
1.961152702569961548e-01,1.634293918808301382e-01,0.000000000000000000e+00
4.570464491844177246e-01,5.484557390213012917e-01,1.000000000000000000e+00
6.324272155761718750e-01,1.756742265489366628e-01,3.000000000000000000e+00
1.472525358200073242e+00,4.908417860666911547e-01,4.000000000000000000e+00
4.526566565036773682e-01,1.810626626014709417e-01,5.000000000000000000e+00
