# Trained_Coeffs, Unscaled, Sparsity_Mask
2.279320657253265381e-01,4.353181793919898290e-02,1.000000000000000000e+00
6.549257040023803711e-01,2.286121978156668320e+03,3.000000000000000000e+00
1.550865292549133301e+00,1.033910195032755610e+03,4.000000000000000000e+00
4.125594496726989746e-01,5.252870058774563944e+01,5.000000000000000000e+00
1.817427575588226318e-01,4.419453915427761004e+00,6.000000000000000000e+00
