# Expected, Recovered
1.995000000000000000e+03,2.238439181717959855e+03
1.999000000000000227e+03,2.523624534724606747e+03
1.000000000000000021e-03,8.432204625969395894e-04
