# Trained_Coeffs, Sparsity_Mask
1.795004308223724365e-01,0.000000000000000000e+00
4.974982738494873047e-01,1.000000000000000000e+00
1.302795290946960449e+00,2.000000000000000000e+00
