# Trained_Coeffs, Unscaled, Sparsity_Mask
1.263026595115661621e+00,1.052522162596384758e+00,0.000000000000000000e+00
3.853178322315216064e-01,4.623813986778259055e-01,1.000000000000000000e+00
4.045428335666656494e-01,5.825416803359985130e-01,2.000000000000000000e+00
2.379585981369018555e+00,6.609961059358385738e-01,3.000000000000000000e+00
1.521581113338470459e-01,5.071937044461568428e-02,4.000000000000000000e+00
2.699118107557296753e-03,1.295576691627502337e-03,6.000000000000000000e+00
