# Trained_Coeffs, Unscaled, Sparsity_Mask
1.185078322887420654e-01,9.875652690728506933e-01,0.000000000000000000e+00
1.291283816099166870e-01,1.549540579319000182e-02,1.000000000000000000e+00
3.495405316352844238e-01,9.709459212091235969e-01,3.000000000000000000e+00
1.498906016349792480e+00,4.996353387832642157e-01,4.000000000000000000e+00
1.294686198234558105e-01,5.178744792938232318e-03,5.000000000000000000e+00
