# Expected, Recovered
1.995000000000000000e+03,2.105293838544329901e+03
1.999000000000000227e+03,1.119200751033546567e+03
1.000000000000000021e-03,9.725841403157209266e-04
