# Trained_Coeffs, Sparsity_Mask
3.509103655815124512e-01,0.000000000000000000e+00
6.585499644279479980e-01,1.000000000000000000e+00
1.225303292274475098e+00,2.000000000000000000e+00
