# Trained_Coeffs, Unscaled, Sparsity_Mask
1.955710500478744507e-01,1.629758750398953848e-01,0.000000000000000000e+00
4.273902177810668945e-01,5.128682613372802512e-01,1.000000000000000000e+00
6.485406160354614258e-01,1.801501711209615164e-01,3.000000000000000000e+00
1.458435297012329102e+00,4.861450990041097930e-01,4.000000000000000000e+00
4.210993051528930664e-01,1.684397220611572321e-01,5.000000000000000000e+00
