# Trained_Coeffs, Unscaled, Sparsity_Mask
5.778617858886718750e-01,6.934341430664062722e-01,1.000000000000000000e+00
9.335196763277053833e-02,2.593110212021404112e-02,3.000000000000000000e+00
1.518887877464294434e+00,5.062959591547648852e-01,4.000000000000000000e+00
5.781023502349853516e-01,2.312409400939941517e-01,5.000000000000000000e+00
