# Trained_Coeffs, Unscaled, Sparsity_Mask
7.356807589530944824e-02,4.622418535428809983e-01,0.000000000000000000e+00
1.074917018413543701e-01,2.722796615573821067e-03,2.000000000000000000e+00
1.183376237750053406e-01,8.050012021704285416e+02,3.000000000000000000e+00
6.071094274520874023e-01,6.572957028459497906e+02,4.000000000000000000e+00
5.745495483279228210e-02,1.575656578650128203e+00,6.000000000000000000e+00
