# Trained_Coeffs, Unscaled, Sparsity_Mask
1.983986794948577881e-01,1.653322329123814993e-01,0.000000000000000000e+00
5.089215636253356934e-01,6.107058763504028542e-01,1.000000000000000000e+00
6.047360301017761230e-01,1.679822305838267194e-01,3.000000000000000000e+00
1.495104432106018066e+00,4.983681440353394110e-01,4.000000000000000000e+00
5.075592994689941406e-01,2.030237197875976451e-01,5.000000000000000000e+00
