# Trained_Coeffs, Unscaled, Sparsity_Mask
8.915577828884124756e-02,7.429648190736770630e-02,0.000000000000000000e+00
2.597715854644775391e-01,7.215877374013265899e-02,3.000000000000000000e+00
1.085023164749145508e+00,3.616743882497152063e-01,4.000000000000000000e+00
5.480263382196426392e-02,2.630526423454284529e-02,6.000000000000000000e+00
