# Trained_Coeffs, Unscaled, Sparsity_Mask
7.859261035919189453e-01,6.549384196599324914e-01,0.000000000000000000e+00
3.653878271579742432e-01,4.384653925895690696e-01,1.000000000000000000e+00
5.388553738594055176e-01,7.759517383575439409e-01,2.000000000000000000e+00
7.696824073791503906e-01,2.138006687164306918e-01,3.000000000000000000e+00
7.662273943424224854e-02,2.554091314474742080e-02,4.000000000000000000e+00
1.316172163933515549e-02,5.264688655734062542e-03,5.000000000000000000e+00
1.093657920137047768e-03,5.249558016657829285e-04,6.000000000000000000e+00
