# Trained_Coeffs, Unscaled, Sparsity_Mask
1.996338367462158203e-01,1.663615306218465262e-01,0.000000000000000000e+00
5.171646475791931152e-01,6.205975770950317161e-01,1.000000000000000000e+00
6.009267568588256836e-01,1.669240991274515973e-01,3.000000000000000000e+00
1.498038530349731445e+00,4.993461767832438891e-01,4.000000000000000000e+00
5.165851712226867676e-01,2.066340684890747015e-01,5.000000000000000000e+00
