# Trained_Coeffs, Unscaled, Sparsity_Mask
1.388269942253828049e-02,1.156891618544856823e-02,0.000000000000000000e+00
1.746406853199005127e-01,2.095688223838806097e-01,1.000000000000000000e+00
3.383645671419799328e-04,4.872449766844511010e-04,2.000000000000000000e+00
2.368870228528976440e-01,6.580195079247157242e-02,3.000000000000000000e+00
1.193573832511901855e+00,3.978579441706340258e-01,4.000000000000000000e+00
2.297666966915130615e-01,9.190667867660522183e-02,5.000000000000000000e+00
9.964732825756072998e-02,4.783071756362914512e-02,6.000000000000000000e+00
