# Trained_Coeffs, Unscaled, Sparsity_Mask
1.584234684705734253e-01,9.954040094067353461e-01,0.000000000000000000e+00
5.291323661804199219e-01,8.421403162752466587e-02,1.000000000000000000e+00
6.614076904952526093e-03,1.675365251778099891e-04,2.000000000000000000e+00
1.708753407001495361e-01,1.990039019522360149e+03,3.000000000000000000e+00
5.361091494560241699e-01,9.937005934041127375e+02,4.000000000000000000e+00
1.904838681221008301e-01,5.619279876395984274e+01,5.000000000000000000e+00
2.347328467294573784e-03,1.102088470479117704e-01,6.000000000000000000e+00
