# Trained_Coeffs, Unscaled, Sparsity_Mask
1.511737406253814697e-01,1.259781171878179007e-01,0.000000000000000000e+00
2.275113249197602272e-03,3.276163078844546682e-03,2.000000000000000000e+00
6.004064083099365234e-01,1.250846683979034424e-01,3.000000000000000000e+00
9.970578551292419434e-01,2.492644637823104858e-01,4.000000000000000000e+00
