# Expected, Recovered
1.995000000000000000e+03,2.222959256172179721e+03
1.999000000000000227e+03,1.946619221916273318e+03
1.000000000000000021e-03,9.126448033329644929e-04
