# Trained_Coeffs, Sparsity_Mask
2.150050103664398193e-01,0.000000000000000000e+00
5.217610001564025879e-01,1.000000000000000000e+00
1.293785810470581055e+00,2.000000000000000000e+00
