# Trained_Coeffs, Unscaled, Sparsity_Mask
1.897853761911392212e-01,5.271816005309423042e-02,3.000000000000000000e+00
1.121379733085632324e+00,3.737932443618774969e-01,4.000000000000000000e+00
7.562070339918136597e-02,3.629793763160705372e-02,6.000000000000000000e+00
