# Expected, Recovered
1.989999999999999773e+03,2.131159200763700028e+03
1.989999999999999773e+03,2.187834071327714355e+03
1.000000000000000021e-03,9.700987923308839215e-04
