# Trained_Coeffs, Sparsity_Mask
7.498765736818313599e-02,0.000000000000000000e+00
1.337868422269821167e-01,2.000000000000000000e+00
8.803532719612121582e-01,3.000000000000000000e+00
