# Expected, Recovered
1.995000000000000000e+03,2.105499071424660087e+03
1.999000000000000227e+03,1.126806481522752165e+03
1.000000000000000021e-03,9.733108236743867429e-04
