# Trained_Coeffs, Sparsity_Mask
3.482815623283386230e-01,0.000000000000000000e+00
6.551998257637023926e-01,1.000000000000000000e+00
1.225422739982604980e+00,2.000000000000000000e+00
