# Expected, Recovered
1.995000000000000000e+03,1.464478704490436940e+03
1.999000000000000227e+03,2.591015465085189589e+03
1.000000000000000021e-03,7.527738708860459878e-04
