# Trained_Coeffs, Sparsity_Mask
9.421233832836151123e-02,0.000000000000000000e+00
2.491888254880905151e-01,3.000000000000000000e+00
1.020838260650634766e+00,4.000000000000000000e+00
