# Trained_Coeffs, Unscaled, Sparsity_Mask
7.437511533498764038e-02,3.894271932438179151e-01,0.000000000000000000e+00
4.197811186313629150e-01,8.017228805619205922e-02,1.000000000000000000e+00
6.084954142570495605e-01,2.124049692414471792e+03,3.000000000000000000e+00
1.486511111259460449e+00,9.910074075063068904e+02,4.000000000000000000e+00
5.244637727737426758e-01,6.677680152765258015e+01,5.000000000000000000e+00
1.016226261854171753e-01,2.471165944787831137e+00,6.000000000000000000e+00
