# Trained_Coeffs, Unscaled, Sparsity_Mask
1.090500801801681519e-01,9.087506681680680432e-01,0.000000000000000000e+00
5.663744211196899414e-01,6.796493053436278298e-02,1.000000000000000000e+00
3.276461064815521240e-01,9.101280735598670235e-01,3.000000000000000000e+00
1.499366998672485352e+00,4.997889995574951172e-01,4.000000000000000000e+00
5.662741065025329590e-01,2.265096426010131808e-02,5.000000000000000000e+00
