# Trained_Coeffs, Unscaled, Sparsity_Mask
1.197656020522117615e-01,9.980466837684313919e-02,0.000000000000000000e+00
4.798158705234527588e-01,9.996163969238600067e-02,3.000000000000000000e+00
1.000183463096618652e+00,2.500458657741546631e-01,4.000000000000000000e+00
