# Trained_Coeffs, Unscaled, Sparsity_Mask
2.485787719488143921e-01,2.071489766240119934e-01,0.000000000000000000e+00
4.112253785133361816e-01,4.934704542160033847e-01,1.000000000000000000e+00
5.172741785645484924e-02,7.448748171329498680e-02,2.000000000000000000e+00
6.614594459533691406e-01,1.837387349870470143e-01,3.000000000000000000e+00
1.321586847305297852e+00,4.405289491017660430e-01,4.000000000000000000e+00
3.666872978210449219e-01,1.466749191284179576e-01,5.000000000000000000e+00
