# Trained_Coeffs, Sparsity_Mask
6.651201099157333374e-02,0.000000000000000000e+00
8.571657538414001465e-01,1.000000000000000000e+00
5.446217954158782959e-02,2.000000000000000000e+00
2.749561071395874023e+00,4.000000000000000000e+00
1.188668489456176758e+00,5.000000000000000000e+00
