# Trained_Coeffs, Unscaled, Sparsity_Mask
2.013774365186691284e-01,1.265291750331591691e+00,0.000000000000000000e+00
3.919477388262748718e-02,6.238042006789283611e-03,1.000000000000000000e+00
1.109148636460304260e-01,2.809506317036075587e-03,2.000000000000000000e+00
2.708492577075958252e-01,2.516903395788386206e+03,3.000000000000000000e+00
5.156204700469970703e-01,7.625866165333020490e+02,4.000000000000000000e+00
3.570007160305976868e-02,1.337421742036758010e+00,6.000000000000000000e+00
