# Expected, Recovered
1.995000000000000000e+03,2.223442229357629913e+03
1.999000000000000227e+03,1.954785274224576824e+03
1.000000000000000021e-03,9.117912576414023652e-04
