# Trained_Coeffs, Sparsity_Mask
2.143072634935379028e-01,0.000000000000000000e+00
5.211465358734130859e-01,1.000000000000000000e+00
1.294066905975341797e+00,2.000000000000000000e+00
