# Trained_Coeffs, Unscaled, Sparsity_Mask
1.194336891174316406e+00,9.952807426452636719e-01,0.000000000000000000e+00
2.627477347850799561e-01,3.152972817420959251e-01,1.000000000000000000e+00
2.747249007225036621e-01,3.956038570404052379e-01,2.000000000000000000e+00
2.694782495498657227e+00,7.485506931940715258e-01,3.000000000000000000e+00
6.180064082145690918e-01,2.060021360715230399e-01,4.000000000000000000e+00
3.255943534895777702e-03,1.562852896749973098e-03,6.000000000000000000e+00
