# Trained_Coeffs, Sparsity_Mask
4.242350161075592041e-02,0.000000000000000000e+00
9.072581678628921509e-02,3.000000000000000000e+00
1.001553535461425781e+00,4.000000000000000000e+00
