# Trained_Coeffs, Sparsity_Mask
2.156224697828292847e-01,0.000000000000000000e+00
4.320082068443298340e-01,1.000000000000000000e+00
5.684795975685119629e-01,3.000000000000000000e+00
1.385716915130615234e+00,4.000000000000000000e+00
3.991001546382904053e-01,5.000000000000000000e+00
