# Trained_Coeffs, Scaled_Trained_Coeffs
1.638866066932678223e-01,2.299760878086090088e-01
4.233282525092363358e-03,3.700085682794451714e-03
4.024529480375349522e-04,3.631428407970815897e-04
3.521358668804168701e-01,4.398105740547180176e-01
1.011346697807312012e+00,1.074025154113769531e+00
-6.164823571452870965e-05,-5.073994179838337004e-05
6.458037067204713821e-03,5.687755066901445389e-03
