# Trained_Coeffs, Scaled_Trained_Coeffs, Sparsity_Mask
2.001991748809814453e+00,1.004087209701538086e+00,4.000000000000000000e+00
