# Trained_Coeffs, Sparsity_Mask
1.887881159782409668e-01,0.000000000000000000e+00
4.520699381828308105e-01,1.000000000000000000e+00
5.645095109939575195e-01,3.000000000000000000e+00
1.499943256378173828e+00,4.000000000000000000e+00
4.513564407825469971e-01,5.000000000000000000e+00
