# Trained_Coeffs, Unscaled, Sparsity_Mask
1.965048462152481079e-01,1.637540385127067566e-01,0.000000000000000000e+00
4.776895046234130859e-01,5.732274055480957031e-01,1.000000000000000000e+00
6.211956739425659180e-01,1.725543538729349957e-01,3.000000000000000000e+00
1.481961011886596680e+00,4.939870039621989672e-01,4.000000000000000000e+00
4.745730161666870117e-01,1.898292064666748102e-01,5.000000000000000000e+00
