# Trained_Coeffs, Unscaled, Sparsity_Mask
1.995634585618972778e-01,1.663028821349143982e-01,0.000000000000000000e+00
5.195789337158203125e-01,6.234947204589843528e-01,1.000000000000000000e+00
6.003037095069885254e-01,1.667510304186079484e-01,3.000000000000000000e+00
1.499605059623718262e+00,4.998683532079061798e-01,4.000000000000000000e+00
5.195342302322387695e-01,2.078136920928955189e-01,5.000000000000000000e+00
