# Trained_Coeffs, Unscaled, Sparsity_Mask
1.844213902950286865e-01,1.536844919125239517e-02,0.000000000000000000e+00
2.908764481544494629e-01,3.490517377853393555e+00,1.000000000000000000e+00
5.520157217979431152e-01,1.533377004994286759e-02,3.000000000000000000e+00
1.499847292900085449e+00,4.999490976333618719e-01,4.000000000000000000e+00
2.903359532356262207e-01,1.161343812942504883e+00,5.000000000000000000e+00
