# Trained_Coeffs, Unscaled, Sparsity_Mask
1.471538543701171875e-01,2.619685651073966710e+02,3.000000000000000000e+00
1.427761793136596680e+00,4.854390096664428143e+02,4.000000000000000000e+00
