# Trained_Coeffs, Unscaled, Sparsity_Mask
1.598334610462188721e-01,1.331945508718490601e-01,0.000000000000000000e+00
4.798492491245269775e-01,1.332914580901463919e-01,3.000000000000000000e+00
1.000109791755676270e+00,3.333699305852254047e-01,4.000000000000000000e+00
