# Trained_Coeffs, Scaled_Trained_Coeffs, Sparsity_Mask
2.002189636230468750e+00,1.000449180603027344e+00,4.000000000000000000e+00
