# Trained_Coeffs, Unscaled, Sparsity_Mask
2.399690449237823486e-01,1.999742041031519757e-01,0.000000000000000000e+00
4.558559954166412354e-01,1.999716842227740599e-01,3.000000000000000000e+00
9.498526453971862793e-01,5.000095692674056957e-01,4.000000000000000000e+00
