# Trained_Coeffs, Unscaled, Sparsity_Mask
6.563755989074707031e+00,5.469796657562255859e+00,0.000000000000000000e+00
4.624480247497558594e+00,5.549376296997070135e+00,1.000000000000000000e+00
2.327942202100530267e-04,3.352236771024762999e-04,2.000000000000000000e+00
1.617563724517822266e+00,4.493232568105062219e-01,3.000000000000000000e+00
1.056129550933837891e+01,4.224518203735351918e+00,5.000000000000000000e+00
5.530521273612976074e-01,2.654650211334228516e-01,6.000000000000000000e+00
