# Trained_Coeffs, Unscaled, Sparsity_Mask
2.201824486255645752e-01,8.410350019400614219e-02,1.000000000000000000e+00
1.244920611381530762e+00,2.077885674996809485e+03,4.000000000000000000e+00
