# Trained_Coeffs, Unscaled, Sparsity_Mask
1.992723494768142700e-01,1.660602912306785583e-01,0.000000000000000000e+00
5.223832726478576660e-01,6.268599271774292214e-01,1.000000000000000000e+00
5.979378819465637207e-01,1.660938560962677280e-01,3.000000000000000000e+00
1.500570535659790039e+00,5.001901785532633093e-01,4.000000000000000000e+00
5.215409994125366211e-01,2.086163997650146429e-01,5.000000000000000000e+00
