# Trained_Coeffs, Unscaled, Sparsity_Mask
6.233895570039749146e-02,5.194912975033124519e-02,0.000000000000000000e+00
2.470393478870391846e-01,6.862204107973311762e-02,3.000000000000000000e+00
1.082961559295654297e+00,3.609871864318848211e-01,4.000000000000000000e+00
5.230106785893440247e-02,2.510451257228851069e-02,6.000000000000000000e+00
