# Trained_Coeffs, Unscaled, Sparsity_Mask
2.434003502130508423e-01,2.028336251775423871e-01,0.000000000000000000e+00
6.974942982196807861e-02,1.004391789436340221e-01,2.000000000000000000e+00
4.480791687965393066e-01,1.965602009193485600e-01,3.000000000000000000e+00
9.227743744850158691e-01,4.857553640062950429e-01,4.000000000000000000e+00
5.096864327788352966e-02,3.863559855606998189e-02,6.000000000000000000e+00
